{
    "loss": 23.102001190185547,
    "accuracy": 0.6151515245437622
}