{
    "loss": 3.4521501064300537,
    "accuracy": 0.8272727131843567
}